<?xml version="1.0" encoding="UTF-8"?>
<Configuration status="WARN">
	<Appenders>
		<Console name="Console" target="SYSTEM_OUT">
			<PatternLayout
				pattern="%d{HH:mm:ss.SSS} [%t] %-5level %logger{36} - %msg%n" />
		</Console>
	</Appenders>
	<Loggers>
		<Root level="debug">
			<AppenderRef ref="Console" />
		</Root>
		<Logger name="org.hibernate" level="INFO">
			<Appender-ref ref="Console"/>
		</Logger>
		
		<Logger name="org.hibernate.type.descriptor.sql" level="TRACE">
			<Appender-ref ref="Console"/>
		</Logger>
		
	</Loggers>
</Configuration>